"Four-Year Graduation Rates, 2013-14"
"All Districts, High Needs Status"

"",,,"Graduates",
"District","High Needs Status","Four-Year Cohort Count","Graduation Count","Graduation Rate"
"Amistad Academy District","High Needs","*","*","*"
"Amistad Academy District","Non-High Needs","*","*","*"
"Ansonia School District","High Needs",113,80,70.8
"Ansonia School District","Non-High Needs",44,40,90.9
"Avon School District","High Needs",44,39,88.6
"Avon School District","Non-High Needs",228,226,99.1
"Berlin School District","High Needs",62,52,83.9
"Berlin School District","Non-High Needs",173,171,98.8
"Bethel School District","High Needs",81,68,84.0
"Bethel School District","Non-High Needs",163,158,96.9
"Bloomfield School District","High Needs",120,104,86.7
"Bloomfield School District","Non-High Needs",49,44,89.8
"Bolton School District","High Needs",18,12,66.7
"Bolton School District","Non-High Needs",85,85,100.0
"Branford School District","High Needs",112,91,81.3
"Branford School District","Non-High Needs",187,181,96.8
"Bridgeport School District","High Needs","*","*","*"
"Bridgeport School District","Non-High Needs","*","*","*"
"Bristol School District","High Needs",342,241,70.5
"Bristol School District","Non-High Needs",357,331,92.7
"Brookfield School District","High Needs",46,41,89.1
"Brookfield School District","Non-High Needs",186,184,98.9
"Canton School District","High Needs",24,19,79.2
"Canton School District","Non-High Needs",112,109,97.3
"Capitol Region Education Council","High Needs",197,171,86.8
"Capitol Region Education Council","Non-High Needs",120,110,91.7
"Cheshire School District","High Needs",91,74,81.3
"Cheshire School District","Non-High Needs",298,297,99.7
"Clinton School District","High Needs",31,25,80.6
"Clinton School District","Non-High Needs",102,98,96.1
"Colchester School District","High Needs",58,50,86.2
"Colchester School District","Non-High Needs",190,187,98.4
"Common Ground High School District","High Needs",22,19,86.4
"Common Ground High School District","Non-High Needs",7,7,100.0
"Connecticut Technical High School System","High Needs",1525,1455,95.4
"Connecticut Technical High School System","Non-High Needs",898,874,97.3
"Coventry School District","High Needs",35,30,85.7
"Coventry School District","Non-High Needs",98,98,100.0
"Cromwell School District","High Needs",37,25,67.6
"Cromwell School District","Non-High Needs",97,97,100.0
"Danbury School District","High Needs",453,306,67.5
"Danbury School District","Non-High Needs",308,288,93.5
"Darien School District","High Needs",64,55,85.9
"Darien School District","Non-High Needs",272,270,99.3
"Department of Mental Health and Addiction Services","High Needs","*","*","*"
"Derby School District","High Needs",66,50,75.8
"Derby School District","Non-High Needs",36,33,91.7
"East Granby School District","High Needs",11,6,54.5
"East Granby School District","Non-High Needs",55,54,98.2
"East Haddam School District","High Needs",34,27,79.4
"East Haddam School District","Non-High Needs",71,71,100.0
"East Hampton School District","High Needs",20,16,80.0
"East Hampton School District","Non-High Needs",101,101,100.0
"East Hartford School District","High Needs",403,304,75.4
"East Hartford School District","Non-High Needs",104,93,89.4
"East Haven School District","High Needs",155,111,71.6
"East Haven School District","Non-High Needs",105,99,94.3
"East Lyme School District","High Needs",64,49,76.6
"East Lyme School District","Non-High Needs",210,207,98.6
"East Windsor School District","High Needs",53,45,84.9
"East Windsor School District","Non-High Needs",56,52,92.9
"Eastern Connecticut Regional Educational Service Center (EASTCONN)","High Needs",40,29,72.5
"Eastern Connecticut Regional Educational Service Center (EASTCONN)","Non-High Needs",26,20,76.9
"Ellington School District","High Needs",41,36,87.8
"Ellington School District","Non-High Needs",153,149,97.4
"Elm City College Preparatory School District","High Needs","*","*","*"
"Elm City College Preparatory School District","Non-High Needs","*","*","*"
"Enfield School District","High Needs",173,130,75.1
"Enfield School District","Non-High Needs",251,236,94.0
"Explorations District","High Needs","*","*","*"
"Explorations District","Non-High Needs","*","*","*"
"Fairfield School District","High Needs",170,134,78.8
"Fairfield School District","Non-High Needs",558,549,98.4
"Farmington School District","High Needs",69,56,81.2
"Farmington School District","Non-High Needs",275,272,98.9
"Glastonbury School District","High Needs",125,104,83.2
"Glastonbury School District","Non-High Needs",460,458,99.6
"Granby School District","High Needs",41,32,78.0
"Granby School District","Non-High Needs",164,162,98.8
"Greenwich School District","High Needs",203,178,87.7
"Greenwich School District","Non-High Needs",467,459,98.3
"Griswold School District","High Needs",89,65,73.0
"Griswold School District","Non-High Needs",81,79,97.5
"Groton School District","High Needs",170,131,77.1
"Groton School District","Non-High Needs",147,138,93.9
"Guilford School District","High Needs",71,53,74.6
"Guilford School District","Non-High Needs",215,212,98.6
"Hamden School District","High Needs",229,184,80.3
"Hamden School District","Non-High Needs",229,224,97.8
"Hartford School District","High Needs",1259,876,69.6
"Hartford School District","Non-High Needs",111,104,93.7
"Killingly School District","High Needs",116,81,69.8
"Killingly School District","Non-High Needs",102,95,93.1
"Learn","High Needs",93,82,88.2
"Learn","Non-High Needs",60,59,98.3
"Lebanon School District","High Needs",27,23,85.2
"Lebanon School District","Non-High Needs",78,75,96.2
"Ledyard School District","High Needs",97,76,78.4
"Ledyard School District","Non-High Needs",150,148,98.7
"Lisbon School District","High Needs","*","*","*"
"Lisbon School District","Non-High Needs","*","*","*"
"Litchfield School District","High Needs",9,7,77.8
"Litchfield School District","Non-High Needs",60,57,95.0
"Madison School District","High Needs",58,52,89.7
"Madison School District","Non-High Needs",262,258,98.5
"Manchester School District","High Needs",281,206,73.3
"Manchester School District","Non-High Needs",173,167,96.5
"Meriden School District","High Needs",448,313,69.9
"Meriden School District","Non-High Needs",167,155,92.8
"Middletown School District","High Needs",176,124,70.5
"Middletown School District","Non-High Needs",158,152,96.2
"Milford School District","High Needs",182,149,81.9
"Milford School District","Non-High Needs",326,319,97.9
"Monroe School District","High Needs",71,64,90.1
"Monroe School District","Non-High Needs",229,225,98.3
"Montville School District","High Needs",83,67,80.7
"Montville School District","Non-High Needs",110,104,94.5
"Naugatuck School District","High Needs",196,148,75.5
"Naugatuck School District","Non-High Needs",137,125,91.2
"New Britain School District","High Needs",556,332,59.7
"New Britain School District","Non-High Needs",100,85,85.0
"New Canaan School District","High Needs",36,32,88.9
"New Canaan School District","Non-High Needs",276,275,99.6
"New Fairfield School District","High Needs",49,43,87.8
"New Fairfield School District","Non-High Needs",190,188,98.9
"New Haven School District","High Needs",1160,856,73.8
"New Haven School District","Non-High Needs",149,132,88.6
"New London School District","High Needs","*","*","*"
"New London School District","Non-High Needs","*","*","*"
"New Milford School District","High Needs",103,74,71.8
"New Milford School District","Non-High Needs",280,270,96.4
"Newington School District","High Needs",116,93,80.2
"Newington School District","Non-High Needs",248,245,98.8
"Newtown School District","High Needs",71,58,81.7
"Newtown School District","Non-High Needs",352,351,99.7
"North Branford School District","High Needs",51,42,82.4
"North Branford School District","Non-High Needs",99,94,94.9
"North Haven School District","High Needs",85,59,69.4
"North Haven School District","Non-High Needs",235,224,95.3
"North Stonington School District","High Needs",17,16,94.1
"North Stonington School District","Non-High Needs",39,38,97.4
"Norwalk School District","High Needs",467,351,75.2
"Norwalk School District","Non-High Needs",355,338,95.2
"Norwich Free Academy District","High Needs",292,222,76.0
"Norwich Free Academy District","Non-High Needs",321,311,96.9
"Old Saybrook School District","High Needs",41,33,80.5
"Old Saybrook School District","Non-High Needs",96,93,96.9
"Oxford School District","High Needs",21,17,81.0
"Oxford School District","Non-High Needs",153,151,98.7
"Plainfield School District","High Needs",89,65,73.0
"Plainfield School District","Non-High Needs",85,80,94.1
"Plainville School District","High Needs",85,67,78.8
"Plainville School District","Non-High Needs",91,89,97.8
"Plymouth School District","High Needs",56,41,73.2
"Plymouth School District","Non-High Needs",83,80,96.4
"Portland School District","High Needs",27,19,70.4
"Portland School District","Non-High Needs",85,85,100.0
"Putnam School District","High Needs",47,38,80.9
"Putnam School District","Non-High Needs",19,18,94.7
"Regional School District 01","High Needs",35,29,82.9
"Regional School District 01","Non-High Needs",86,79,91.9
"Regional School District 04","High Needs",33,31,93.9
"Regional School District 04","Non-High Needs",103,102,99.0
"Regional School District 05","High Needs",79,67,84.8
"Regional School District 05","Non-High Needs",341,337,98.8
"Regional School District 06","High Needs",33,30,90.9
"Regional School District 06","Non-High Needs",60,57,95.0
"Regional School District 07","High Needs",46,34,73.9
"Regional School District 07","Non-High Needs",165,161,97.6
"Regional School District 08","High Needs",76,62,81.6
"Regional School District 08","Non-High Needs",221,214,96.8
"Regional School District 09","High Needs",48,44,91.7
"Regional School District 09","Non-High Needs",204,198,97.1
"Regional School District 10","High Needs",43,35,81.4
"Regional School District 10","Non-High Needs",175,171,97.7
"Regional School District 11","High Needs",21,18,85.7
"Regional School District 11","Non-High Needs",19,19,100.0
"Regional School District 12","High Needs",26,21,80.8
"Regional School District 12","Non-High Needs",55,55,100.0
"Regional School District 13","High Needs",32,25,78.1
"Regional School District 13","Non-High Needs",102,100,98.0
"Regional School District 14","High Needs",44,38,86.4
"Regional School District 14","Non-High Needs",167,166,99.4
"Regional School District 15","High Needs",67,59,88.1
"Regional School District 15","Non-High Needs",262,259,98.9
"Regional School District 16","High Needs",49,38,77.6
"Regional School District 16","Non-High Needs",132,130,98.5
"Regional School District 17","High Needs",42,39,92.9
"Regional School District 17","Non-High Needs",111,111,100.0
"Regional School District 18","High Needs",13,11,84.6
"Regional School District 18","Non-High Needs",95,94,98.9
"Regional School District 19","High Needs",85,69,81.2
"Regional School District 19","Non-High Needs",208,204,98.1
"Ridgefield School District","High Needs",67,61,91.0
"Ridgefield School District","Non-High Needs",392,387,98.7
"Rocky Hill School District","High Needs",40,35,87.5
"Rocky Hill School District","Non-High Needs",143,133,93.0
"Seymour School District","High Needs",52,38,73.1
"Seymour School District","Non-High Needs",86,82,95.3
"Shelton School District","High Needs",110,84,76.4
"Shelton School District","Non-High Needs",259,253,97.7
"Simsbury School District","High Needs",82,63,76.8
"Simsbury School District","Non-High Needs",318,315,99.1
"Somers School District","High Needs",26,23,88.5
"Somers School District","Non-High Needs",105,104,99.0
"South Windsor School District","High Needs",79,62,78.5
"South Windsor School District","Non-High Needs",269,264,98.1
"Southington School District","High Needs",130,101,77.7
"Southington School District","Non-High Needs",382,377,98.7
"Stafford School District","High Needs",50,41,82.0
"Stafford School District","Non-High Needs",92,91,98.9
"Stamford Academy District","High Needs",57,14,24.6
"Stamford School District","High Needs",737,619,84.0
"Stamford School District","Non-High Needs",463,448,96.8
"Stonington School District","High Needs",54,42,77.8
"Stonington School District","Non-High Needs",123,123,100.0
"Stratford School District","High Needs",306,265,86.6
"Stratford School District","Non-High Needs",340,329,96.8
"Suffield School District","High Needs",43,37,86.0
"Suffield School District","Non-High Needs",171,167,97.7
"The Bridge Academy District","High Needs","*","*","*"
"The Bridge Academy District","Non-High Needs","*","*","*"
"The Gilbert School District","High Needs",47,39,83.0
"The Gilbert School District","Non-High Needs",43,40,93.0
"Thomaston School District","High Needs",24,20,83.3
"Thomaston School District","Non-High Needs",48,47,97.9
"Thompson School District","High Needs",38,32,84.2
"Thompson School District","Non-High Needs",48,46,95.8
"Tolland School District","High Needs",37,28,75.7
"Tolland School District","Non-High Needs",192,181,94.3
"Torrington School District","High Needs",157,119,75.8
"Torrington School District","Non-High Needs",115,109,94.8
"Trumbull School District","High Needs",120,101,84.2
"Trumbull School District","Non-High Needs",435,432,99.3
"Unified School District #1","High Needs","*","*","*"
"Unified School District #1","Non-High Needs","*","*","*"
"Unified School District #2","High Needs","*","*","*"
"Unified School District #2","Non-High Needs","*","*","*"
"Vernon School District","High Needs",136,89,65.4
"Vernon School District","Non-High Needs",163,157,96.3
"Wallingford School District","High Needs",144,113,78.5
"Wallingford School District","Non-High Needs",346,335,96.8
"Waterbury School District","High Needs",1163,758,65.2
"Waterbury School District","Non-High Needs",187,158,84.5
"Waterford School District","High Needs",50,36,72.0
"Waterford School District","Non-High Needs",153,151,98.7
"Watertown School District","High Needs",79,63,79.7
"Watertown School District","Non-High Needs",151,148,98.0
"West Hartford School District","High Needs",258,220,85.3
"West Hartford School District","Non-High Needs",483,477,98.8
"West Haven School District","High Needs",297,207,69.7
"West Haven School District","Non-High Needs",127,105,82.7
"Westbrook School District","High Needs",16,13,81.3
"Westbrook School District","Non-High Needs",56,56,100.0
"Weston School District","High Needs",27,23,85.2
"Weston School District","Non-High Needs",153,152,99.3
"Westport School District","High Needs",90,81,90.0
"Westport School District","Non-High Needs",362,361,99.7
"Wethersfield School District","High Needs",96,74,77.1
"Wethersfield School District","Non-High Needs",211,208,98.6
"Wilton School District","High Needs",47,41,87.2
"Wilton School District","Non-High Needs",254,251,98.8
"Windham School District","High Needs",142,96,67.6
"Windham School District","Non-High Needs",41,38,92.7
"Windsor Locks School District","High Needs",60,49,81.7
"Windsor Locks School District","Non-High Needs",78,77,98.7
"Windsor School District","High Needs",140,113,80.7
"Windsor School District","Non-High Needs",158,153,96.8
"Wolcott School District","High Needs",93,82,88.2
"Wolcott School District","Non-High Needs",152,151,99.3
"Woodstock Academy District","High Needs",42,36,85.7
"Woodstock Academy District","Non-High Needs",236,229,97.0

